First Name,Last Name,Email,Phone,State,District,Title,DOB,Hire Date
Dana,Reyes,dana.reyes@mesa.k12.az.us,602-555-0142,AZ,Mesa Unified,High School Teacher,1970-09-04,2004-08-16
Marcus,Hill,marcus.hill@austinisd.org,512-555-0119,TX,Austin ISD,Middle School Teacher,1974-03-11,1998-08-24
Priya,Nair,priya.nair@washoeschools.net,775-555-0177,NV,Washoe County SD,Science Teacher,1968-11-30,1994-09-01
Elena,Cortez,elena.cortez@sandiegounified.org,619-555-0164,CA,San Diego Unified,Elementary Teacher,1966-06-21,1992-08-20
Robert,Chen,robert.chen@sandiegounified.org,619-555-0188,CA,San Diego Unified,Classified Staff - Facilities,1969-02-14,2001-03-05
Sara,Kim,sara.kim@tusd1.org,520-555-0133,AZ,Tucson Unified,Math Teacher,1996-01-19,2021-08-09
Angela,Brooks,angela.brooks@dallasisd.org,214-555-0155,TX,Dallas ISD,Assistant Principal,1976-05-02,2016-08-15
Tomas,Vega,info@nvdistrict.org,,NV,Clark County SD,Teacher,1971-07-08,2011-08-22
Karen,Willis,,,AZ,Peoria Unified,Teacher,,2005-08-15
Derek,Olsen,derek.olsen@columbus.k12.oh.us,614-555-0121,OH,Columbus City Schools,Teacher,1965-04-04,1990-08-27
